FILE, EL_VZ_MIN, EL_VZ_MAX, EL_ECU_MAX, EL_ECU_MIN, EL_ECV_MAX, EL_ECW_MAX, EL_CC_FIDA, EL_CC_FIDC, EL_DCR1_FIDA, EL_DCR1_FIDH, EL_DCR3_FIDA, EL_DCR3_FIDH, EL_EC_NSIGMA, EL_CCT_NSIGMA, KP_TOFMASS_MIN
314, -28.0038, -22.5244, 407.584, 78.9149, 357.734, 387.593, 46.5493, 363.132, 60.182, 20.2502, 49.8892, 88.8678, 2.73809, 3.80607, 0.400843
189, -28.1243, -22.7354, 388.461, 80.116, 370.494, 390.485, 46.5669, 339.385, 58.0559, 23.4962, 48.6477, 76.4927, 4.27213, 3.60093, 0.417666
195, -27.8681, -22.7311, 399.239, 66.7881, 370.87, 389.401, 46.3406, 361.384, 58.6915, 23.0626, 48.491, 85.9255, 2.80638, 3.80228, 0.407534
320, -27.9297, -22.9749, 397.382, 70.514, 368.625, 390.667, 46.185, 364.261, 59.792, 23.128, 47.49, 89.1125, 3.35208, 3.82582, 0.388131
49, -28.0765, -22.2884, 402.324, 68.3401, 367.44, 394.578, 45.5249, 352.886, 58.139, 21.0165, 48.478, 86.9329, 2.63962, 3.95595, 0.414158
139, -27.8393, -22.7174, 407.335, 65.6334, 351.683, 399.977, 45.2966, 328.621, 61.3741, 21.396, 48.6895, 81.3654, 3.60766, 3.92415, 0.41051
326, -27.4985, -22.6198, 392.875, 60.7948, 366.036, 394.059, 45.8897, 367.952, 61.5826, 22.2936, 50.4448, 74.6572, 3.81139, 3.8432, 0.399037
212, -27.5866, -22.7987, 411.726, 78.3395, 359.629, 405.074, 45.3381, 354.614, 60.2758, 22.9223, 48.5459, 87.7633, 4.15394, 3.37819, 0.417726
131, -27.4568, -22.4817, 404.222, 70.2244, 362.352, 397.833, 45.5772, 350.014, 60.6782, 22.032, 48.1691, 84.133, 2.2018, 3.01729, 0.408582
218, -27.5411, -22.3099, 393.262, 68.9366, 360.882, 406.34, 45.1826, 339.082, 59.8863, 21.3221, 48.2176, 80.6759, 4.87975, 3.24547, 0.376294
27, -27.7705, -22.8959, 409.734, 63.4284, 368.007, 396.821, 45.0512, 332.446, 61.8679, 20.268, 49.2023, 78.4981, 2.04214, 3.15227, 0.389409
161, -27.5558, -22.9303, 401.848, 71.1822, 369.655, 386.757, 46.7824, 364.801, 59.4929, 21.2992, 47.976, 87.5795, 2.83844, 3.66911, 0.411488
292, -27.6435, -22.4144, 388.944, 70.6022, 364.632, 385.796, 45.8873, 366.641, 60.4593, 20.2522, 50.1573, 79.1179, 3.31957, 3.51135, 0.393391
209, -27.7012, -22.6297, 388.745, 67.2719, 363.827, 388.326, 46.5316, 351.547, 59.406, 22.4281, 47.7019, 83.5334, 2.13796, 3.14818, 0.38601
186, -28.0143, -22.3972, 390.379, 62.4843, 369.451, 404.533, 46.6701, 349.148, 61.2725, 21.0276, 50.8748, 80.873, 3.77537, 3.34173, 0.376222
81, -28.117, -22.9097, 400.071, 68.8246, 372.862, 395.436, 45.2402, 346.117, 60.298, 22.5693, 48.6411, 88.2047, 2.49732, 3.629, 0.36479
259, -27.6817, -22.6448, 389.967, 75.7698, 370.075, 385.533, 45.4937, 345.721, 58.2312, 22.6429, 49.4619, 77.3973, 4.82959, 3.21119, 0.415072
103, -27.81, -22.8539, 395.016, 78.0217, 360.072, 391.091, 46.2273, 357.836, 59.2956, 21.0645, 49.2902, 81.8081, 2.72484, 3.50225, 0.383583
155, -27.9298, -22.4397, 398.954, 64.1607, 358.186, 396.968, 45.4506, 346.568, 58.9069, 23.0617, 49.5855, 76.4151, 4.95776, 3.2277, 0.375935
68, -27.7403, -22.5615, 398.625, 59.8427, 371.444, 390.362, 46.4721, 339.447, 59.5721, 20.1082, 47.4329, 84.2462, 3.83629, 3.11795, 0.384511
199, -28.0588, -22.5924, 396.432, 79.7552, 364.774, 393.193, 45.9006, 340.501, 60.6758, 23.4205, 48.2137, 76.2152, 2.64042, 3.76716, 0.389781
141, -27.8546, -22.3513, 408.109, 77.1192, 354.685, 388.846, 45.3864, 361.768, 60.0298, 23.6421, 50.3029, 75.3542, 4.84819, 3.73671, 0.362068
41, -27.3642, -23.0412, 389.291, 60.9177, 361.608, 397.099, 45.5391, 330.371, 59.0745, 22.9342, 50.0946, 79.0008, 3.28526, 3.87769, 0.399458
61, -27.6493, -22.4427, 403.448, 76.7789, 353.566, 393.937, 45.3247, 355.082, 60.5762, 23.2482, 47.0306, 82.7719, 4.98458, 3.25594, 0.403585
351, -27.7852, -23.0778, 400.033, 74.0847, 362.949, 396.596, 45.0132, 339.8, 60.2755, 23.3396, 47.5878, 76.2743, 2.12642, 3.68404, 0.387153
373, -27.5335, -22.4092, 405.887, 70.5903, 354.447, 389.85, 45.1621, 353.564, 60.4604, 22.9269, 49.9025, 73.5632, 4.93519, 3.86816, 0.419892
315, -27.5143, -22.6961, 397.439, 69.7081, 371.09, 398.74, 45.1008, 363.286, 58.8209, 23.0352, 50.9711, 83.0679, 4.90434, 3.52972, 0.36363
395, -27.4493, -22.9034, 393.796, 77.299, 360.953, 406.91, 45.8991, 336.819, 58.7038, 22.1208, 49.0677, 79.9451, 2.20096, 3.03185, 0.378781
96, -27.5798, -22.4734, 406.786, 60.7779, 362.485, 393.145, 46.6224, 367.47, 58.6553, 20.3759, 50.728, 77.1819, 3.90833, 3.13259, 0.395425
355, -27.4694, -22.918, 404.282, 69.5215, 360.664, 402.657, 46.7339, 334.128, 59.1559, 21.335, 50.342, 92.4508, 3.21915, 3.37282, 0.417374
76, -27.7312, -22.7249, 391.225, 62.8148, 360.951, 390.958, 45.374, 365.612, 61.804, 21.3429, 49.596, 86.3758, 3.92707, 3.97262, 0.384894
147, -27.6659, -22.9208, 405.949, 75.0519, 352.281, 402.283, 46.0219, 357.297, 59.3351, 23.0894, 47.4175, 80.8726, 4.8814, 3.9645, 0.360346
35, -27.7454, -22.9152, 388.579, 81.3473, 358.631, 385.256, 46.3924, 358.922, 60.9771, 20.5779, 48.0971, 85.8257, 2.73772, 3.23741, 0.370705
279, -28.0161, -23.0429, 397.86, 81.9774, 371.319, 386.731, 45.0111, 359.285, 60.1744, 20.8173, 50.4102, 79.0884, 3.42078, 3.84805, 0.382173
229, -28.0203, -22.9024, 402.643, 80.8888, 361.303, 387.882, 46.9146, 353.523, 58.3913, 21.2672, 49.4192, 84.4485, 2.9257, 3.09087, 0.401938
322, -27.418, -22.4327, 410.532, 59.402, 365.009, 403.133, 45.1949, 329.617, 58.7976, 22.0674, 48.8468, 89.8917, 2.98866, 3.51786, 0.375512
360, -27.4251, -22.4815, 402.46, 69.6069, 359.372, 392.504, 46.4104, 329.896, 60.9186, 22.2711, 48.7366, 73.6893, 4.28882, 3.5087, 0.390737
80, -27.5035, -22.5813, 388.401, 66.9348, 372.796, 388.649, 45.1421, 330.962, 58.071, 22.3811, 48.378, 91.4371, 2.96243, 3.90336, 0.399187
107, -27.417, -22.3288, 388.738, 78.2593, 350.433, 399.92, 45.6822, 327.261, 61.6808, 20.4783, 49.9028, 80.6764, 3.70771, 3.20186, 0.408456
39, -27.977, -22.9225, 410.952, 68.2123, 359.063, 400.913, 45.655, 373.576, 61.0611, 20.7524, 47.6843, 73.0592, 2.20568, 3.50666, 0.397824
150, -27.4579, -22.7085, 407.683, 63.8863, 366.342, 401.052, 46.1067, 342.915, 61.285, 22.6067, 50.3742, 82.0239, 2.27126, 3.42328, 0.418501
67, -27.6648, -22.3389, 399.83, 81.2831, 367.985, 394.353, 46.075, 331.897, 59.6519, 20.0836, 50.9764, 86.6327, 2.97821, 3.64318, 0.40579
114, -27.939, -22.3539, 398.758, 62.5606, 364.212, 403.381, 45.6031, 356.965, 61.17, 22.8587, 48.6518, 80.2016, 3.46644, 3.41058, 0.41149
63, -27.8442, -22.9689, 409.305, 58.1879, 358.129, 401.66, 45.5913, 347.224, 58.7349, 22.7952, 49.9662, 76.7247, 3.68189, 3.8803, 0.381122
210, -27.3941, -22.8977, 397.307, 59.7601, 359.55, 397.496, 45.7649, 349.951, 59.773, 20.1883, 47.338, 81.7396, 3.00045, 3.28721, 0.382148
202, -28.0841, -22.5976, 406.755, 67.835, 356.464, 396.916, 46.0905, 365.765, 58.9194, 21.1699, 48.8269, 80.8675, 2.8424, 3.10221, 0.393535
303, -27.4229, -22.378, 392.949, 78.3287, 372.926, 387.031, 45.988, 372.992, 60.9124, 20.8354, 50.975, 89.5755, 4.98072, 3.0455, 0.374939
84, -27.608, -23.0818, 395.681, 67.8326, 354.886, 393.841, 45.7826, 329.998, 58.3816, 21.1485, 47.5346, 75.6525, 3.75541, 3.18652, 0.378972
233, -28.0896, -22.4173, 397.144, 66.0578, 352.432, 400.158, 45.4325, 366.788, 59.1496, 20.8183, 49.7743, 90.8002, 3.9455, 3.48527, 0.373237
339, -27.9753, -22.5488, 400.017, 61.8332, 351.304, 401.281, 46.643, 351.488, 59.2872, 23.7701, 50.1392, 88.1683, 3.0423, 3.02579, 0.418217
134, -27.7113, -22.7489, 407.391, 77.2644, 361.438, 402.249, 46.9666, 342.709, 58.5285, 20.9345, 49.1037, 76.8962, 2.83781, 3.64505, 0.378017
349, -28.1018, -22.8791, 404.341, 80.9003, 369.449, 383.361, 45.9624, 335.672, 60.8736, 21.7152, 49.1851, 80.5142, 3.09448, 3.44946, 0.388028
23, -27.5308, -22.9455, 395.027, 74.7321, 362.733, 389.894, 45.8507, 353.572, 59.3537, 21.7651, 49.5407, 84.9139, 3.96271, 3.96937, 0.382999
285, -27.7622, -22.4096, 392.674, 67.4914, 351.179, 403.102, 46.6213, 362.476, 60.0039, 23.5966, 47.6427, 90.9444, 4.52953, 3.2268, 0.418086
19, -27.4136, -22.5343, 411.356, 60.1884, 365.288, 393.923, 45.0142, 340.507, 61.3261, 23.5932, 49.0323, 89.7278, 2.85368, 3.70804, 0.371257
89, -27.3624, -22.345, 407.173, 66.6654, 360.508, 391.968, 45.3681, 362.66, 59.7957, 23.3385, 47.5264, 90.4666, 4.46506, 3.94289, 0.409392
77, -27.8954, -22.5565, 409.749, 79.5195, 353.586, 405.194, 46.9421, 328.186, 60.8304, 22.8909, 49.2584, 86.5821, 4.44117, 3.92347, 0.375607
38, -28.1127, -22.9332, 392.555, 73.1665, 366.698, 403.104, 45.2855, 348.159, 59.4834, 20.6697, 50.5801, 89.7333, 2.1801, 3.40622, 0.407383
93, -27.5859, -22.3374, 398.187, 68.3883, 365.102, 401.281, 46.3235, 325.702, 61.6397, 23.6076, 47.9572, 83.2457, 2.33309, 3.73005, 0.403832
140, -27.6216, -22.6972, 392.546, 66.6669, 359.861, 388.832, 46.3796, 370.614, 58.5745, 22.2174, 48.6738, 91.1935, 4.03677, 3.44265, 0.361815
306, -28.0413, -22.3049, 394.72, 74.021, 361.306, 384.756, 46.8692, 325.772, 59.4182, 21.2021, 47.1485, 89.5762, 2.74812, 3.49408, 0.405959
276, -27.4345, -22.5391, 389.726, 77.4672, 359.507, 397.189, 46.5483, 371.031, 61.9273, 22.6527, 47.2719, 80.9325, 3.56564, 3.92925, 0.362701
385, -27.7131, -22.7685, 411.18, 75.6999, 359.254, 388.883, 46.155, 373.122, 61.3196, 22.0887, 47.9819, 73.889, 4.67128, 3.05854, 0.414027
99, -27.4853, -22.3574, 401.773, 66.5969, 353.432, 397.33, 46.4966, 353.553, 60.4999, 22.8883, 50.0612, 77.1075, 2.70349, 3.39954, 0.406904
26, -27.8809, -22.8614, 402.176, 81.5575, 356.509, 391.435, 46.8412, 339.701, 58.0379, 20.2273, 47.1902, 91.0361, 3.89033, 3.35231, 0.36067
257, -27.7772, -22.6706, 390.238, 58.3129, 368.053, 386.422, 45.1898, 361.276, 59.6217, 20.685, 50.4375, 74.2661, 4.12121, 3.0389, 0.418072
235, -27.9021, -22.6604, 402.753, 63.6831, 355.572, 403.015, 45.4541, 348.312, 60.8594, 22.1265, 50.2138, 77.0731, 3.90952, 3.80624, 0.401014
85, -27.8603, -22.3545, 408.516, 80.7449, 362.747, 385.155, 45.094, 325.54, 58.4739, 23.0383, 48.5722, 86.1218, 2.33109, 3.77157, 0.408998
22, -27.673, -22.4148, 400.784, 58.0345, 354.599, 390.205, 45.5371, 333.583, 61.9264, 22.3602, 48.9645, 87.365, 3.10283, 3.54202, 0.38168
113, -28.0026, -22.4759, 402.835, 71.5674, 368.632, 390.268, 46.9385, 367.745, 58.7534, 23.2247, 47.1596, 75.5235, 3.74279, 3.42981, 0.361798
273, -27.6225, -23.0499, 389.361, 61.0826, 369.537, 396.443, 45.1488, 345.491, 61.3045, 23.7943, 50.7083, 79.4764, 2.691, 3.03021, 0.369049
136, -27.6195, -22.6727, 402.471, 58.4951, 369.584, 396.199, 45.8603, 331.272, 58.9884, 22.16, 50.1633, 88.2552, 3.34901, 3.89168, 0.376047
57, -27.4056, -22.9169, 399.816, 81.9509, 373.814, 393.229, 45.0823, 335.555, 61.9861, 21.6314, 48.5175, 77.2575, 4.87099, 3.14537, 0.366051
2, -28.094, -22.7969, 388.707, 71.1141, 352.925, 391.875, 46.4665, 338.731, 60.4124, 22.3372, 47.94, 86.2183, 2.56965, 3.67999, 0.387197
399, -27.3374, -22.4588, 389.611, 76.1915, 364.129, 384.198, 45.1956, 336.945, 60.0005, 20.8686, 48.8398, 84.7743, 3.23792, 3.15785, 0.369857
221, -27.7066, -22.8046, 393.5, 65.9576, 360.455, 397.136, 45.3198, 361.844, 60.3949, 21.1676, 47.2212, 80.5075, 2.51313, 3.71028, 0.363847
176, -27.9544, -22.6425, 406.423, 78.822, 370.665, 392.142, 46.1364, 352.342, 58.9304, 21.4028, 47.1592, 74.8313, 2.57244, 3.45514, 0.390852
192, -27.9869, -22.5713, 403.183, 73.3263, 352.267, 406.018, 46.0504, 370.617, 58.4104, 23.3569, 48.7589, 75.3488, 3.66553, 3.0741, 0.403657
376, -27.8739, -23.0773, 397.089, 81.7702, 355.582, 406.868, 45.4436, 325.379, 61.9611, 20.1686, 47.0999, 84.127, 3.00545, 3.81852, 0.406116
263, -28.0835, -22.5304, 409.232, 66.2151, 360.135, 398.923, 46.6926, 351.935, 61.1926, 20.2112, 48.4195, 74.5536, 2.36129, 3.20668, 0.41118
251, -28.0942, -22.8395, 390.264, 81.8317, 365.701, 400.319, 46.2284, 349.508, 60.0207, 21.064, 49.2749, 80.7506, 3.52462, 3.42018, 0.392092
225, -27.7115, -22.5608, 389.316, 64.9763, 357.8, 384.197, 46.0512, 338.93, 60.86, 22.5611, 48.6132, 77.1347, 4.04306, 3.49095, 0.403493
381, -28.099, -22.8662, 407.899, 72.4186, 351.841, 399.41, 45.9419, 341.421, 60.5986, 23.7103, 48.8728, 92.0581, 3.0061, 3.29806, 0.406379
106, -28.0285, -22.5277, 395.68, 70.8587, 373.435, 390.63, 46.8884, 369.928, 58.2819, 22.1566, 47.1229, 76.0141, 4.80571, 3.20687, 0.361027
278, -27.6396, -23.0466, 410.043, 62.7485, 366.479, 397.095, 46.1101, 365.061, 59.844, 22.5057, 50.2663, 79.7447, 3.79667, 3.94554, 0.419282
6, -27.4689, -22.7451, 393.153, 67.2673, 360.116, 383.487, 46.5644, 360.262, 58.7692, 20.991, 47.1829, 91.1302, 2.6625, 3.79022, 0.392176
110, -27.9236, -22.5942, 396.222, 67.1594, 364.971, 396.732, 46.0852, 329.272, 59.8503, 20.6244, 50.2732, 78.4039, 2.79255, 3.08958, 0.414116
71, -27.588, -22.4354, 392.017, 79.9728, 354.803, 397.397, 46.6488, 352.465, 58.6738, 20.2675, 47.9386, 73.4791, 4.49241, 3.76571, 0.406221
231, -27.4638, -22.9287, 397.983, 65.4604, 364.025, 385.328, 46.3346, 342.788, 61.8886, 21.7851, 48.2371, 76.9709, 2.78034, 3.99575, 0.39854
10, -27.8566, -23.0354, 400.44, 76.2909, 373.324, 383.812, 45.9605, 366.413, 58.6197, 20.1309, 48.9999, 88.5979, 3.68092, 3.57754, 0.380435
271, -27.4201, -22.4773, 398.999, 59.5063, 362.215, 403.287, 45.6295, 325.483, 61.6237, 21.4958, 50.7818, 88.4594, 3.53797, 3.42487, 0.395721
101, -27.4472, -22.9066, 398.104, 62.2463, 357.9, 392.934, 46.8214, 352.961, 59.4279, 21.1037, 50.762, 75.3032, 2.37972, 3.47399, 0.396154
48, -27.8215, -22.9907, 407.829, 61.2646, 352.121, 393.2, 45.148, 367.104, 58.7279, 20.8852, 49.6786, 88.4013, 4.81888, 3.28817, 0.37144
159, -27.7893, -22.4198, 404.886, 60.1735, 359.891, 386.773, 46.9941, 373.783, 61.883, 23.3133, 50.2491, 92.7289, 2.57462, 3.32365, 0.384626
94, -27.9572, -22.6864, 406.339, 78.2411, 369.864, 403.079, 45.9722, 360.861, 60.5143, 22.5277, 47.4763, 78.0821, 3.89141, 3.34341, 0.367334
69, -28.0211, -22.7186, 406.392, 60.1515, 354.98, 405.819, 46.6679, 357.47, 61.3648, 21.5805, 49.9566, 81.3845, 2.98957, 3.14586, 0.418896
17, -27.7051, -22.571, 396.395, 67.5825, 362.193, 397.382, 46.1696, 325.658, 58.9, 23.8104, 47.9758, 80.2328, 2.99547, 3.29699, 0.415351
64, -27.3932, -22.4541, 395.102, 62.917, 355, 390.286, 45.8411, 346.068, 60.3928, 22.7241, 49.3502, 92.7717, 4.73851, 3.624, 0.371987
318, -27.857, -22.863, 404.024, 75.9724, 364.414, 383.709, 45.7489, 334.376, 59.9154, 22.51, 48.0924, 76.7589, 3.96164, 3.6484, 0.3924
55, -27.7532, -22.897, 396.363, 66.1178, 357.117, 400.893, 45.7073, 341.69, 60.2422, 21.1637, 48.4172, 87.6762, 2.63047, 3.19267, 0.377797
208, -27.969, -22.4905, 407.442, 74.8915, 358.621, 392.199, 45.3932, 374.923, 61.2326, 22.9595, 48.5014, 87.8577, 2.31739, 3.16102, 0.363471
366, -27.918, -22.3198, 390.935, 71.2755, 367.667, 388.274, 46.1661, 362.527, 61.5445, 23.8301, 49.3112, 91.1591, 4.99559, 3.60344, 0.373988
119, -28.1114, -22.5365, 394.144, 65.1383, 373.061, 403.554, 46.5093, 354.254, 58.0721, 20.2359, 50.9139, 92.7109, 4.6429, 3.31458, 0.380694
73, -27.8118, -22.9422, 398.538, 73.935, 356.097, 389.509, 45.8917, 371.653, 58.2009, 22.6521, 47.6171, 87.431, 2.51864, 3.52507, 0.413797
289, -27.5664, -22.5054, 394.588, 61.0239, 371.8, 392.265, 46.0913, 343.764, 61.2211, 23.7175, 48.3724, 88.4024, 3.16974, 3.18489, 0.367589
341, -28.0927, -22.8823, 397.677, 74.5291, 360.388, 395.966, 46.5524, 344.643, 58.2101, 21.4858, 47.7599, 76.2052, 2.03649, 3.02376, 0.414816
42, -27.715, -22.7953, 409.546, 68.6441, 373.795, 383.258, 45.4333, 369.946, 61.809, 22.2734, 50.666, 78.5727, 4.78676, 3.11283, 0.38739
34, -27.4427, -23.0384, 391.675, 66.266, 367.149, 391.73, 45.1609, 348.877, 60.491, 22.7237, 49.3706, 77.2896, 4.00765, 3.82042, 0.368052
183, -27.7515, -22.9956, 399.584, 60.4627, 358.962, 384.588, 45.9136, 340.866, 61.5735, 22.5584, 47.5257, 81.0987, 4.22537, 3.14409, 0.391508
145, -27.5975, -22.9388, 399.841, 75.7858, 366.081, 389.159, 46.3402, 344.524, 60.9721, 22.8252, 47.0097, 89.3561, 3.97637, 3.54598, 0.378276
53, -27.4772, -22.8757, 396.982, 65.4906, 358.661, 406.768, 46.0084, 328.6, 58.82, 21.9105, 47.6477, 90.8777, 2.04821, 3.91836, 0.398696
174, -28.1214, -22.7621, 399.936, 58.4237, 353.54, 402.203, 46.7831, 364.873, 59.5786, 23.9838, 49.7411, 82.879, 3.22416, 3.09241, 0.393838
40, -27.8477, -22.7639, 394.985, 62.2385, 350.929, 387.324, 45.7193, 367.545, 58.6847, 22.0928, 47.0949, 83.6139, 2.79469, 3.13519, 0.363308
342, -27.3806, -22.7681, 393.207, 64.6992, 355.168, 398.166, 46.5856, 371.278, 58.7046, 20.0857, 48.0194, 80.4385, 4.49785, 3.39371, 0.407261
193, -27.3519, -22.4952, 392.167, 71.0343, 365.367, 385.944, 45.0449, 344.352, 59.2954, 21.3444, 48.6359, 74.4857, 2.3436, 3.95242, 0.411968
359, -27.7648, -22.9199, 404.165, 81.8852, 369.764, 403.839, 45.1683, 362.757, 60.332, 21.8437, 48.8296, 80.3839, 3.69259, 3.50702, 0.411816
288, -27.3912, -23.0857, 404.588, 74.7092, 354.679, 392.087, 46.6903, 355.339, 59.5186, 22.1007, 47.3293, 83.207, 3.61262, 3.62618, 0.396213
380, -27.7286, -22.8485, 388.788, 58.8222, 361.477, 399.142, 46.1689, 365.462, 59.5084, 22.128, 48.98, 86.397, 2.34501, 3.88307, 0.408435
172, -27.8773, -22.3355, 394.931, 64.7748, 361.252, 393.592, 45.1739, 367.776, 58.0715, 22.3702, 48.3567, 77.466, 4.47825, 3.14235, 0.373602
397, -28.1242, -22.5758, 392.224, 77.1906, 351.908, 404.333, 45.3771, 338.098, 60.3176, 20.8703, 47.9941, 77.127, 2.86248, 3.52799, 0.394799
75, -27.9516, -22.9642, 399.573, 68.6557, 358.623, 405.383, 46.0186, 358.968, 58.8987, 22.6388, 50.049, 92.0934, 2.67494, 3.5809, 0.365195
45, -27.5576, -22.8868, 395.132, 79.7264, 354.175, 401.601, 45.2225, 372.125, 59.5071, 21.2658, 47.4711, 92.9135, 2.20802, 3.00683, 0.382795
358, -27.5934, -22.6098, 408.433, 81.7288, 354.226, 393.067, 45.1401, 354.764, 60.2734, 23.3259, 49.3463, 86.89, 2.05988, 3.98448, 0.409052
65, -27.9323, -22.7029, 398.214, 66.543, 359.616, 393.548, 46.7895, 340.251, 59.7213, 22.5076, 50.0697, 88.2922, 4.57301, 3.89443, 0.384994
56, -27.3868, -22.6973, 394.679, 63.1202, 357.83, 402.271, 45.9481, 343.811, 58.3758, 20.1632, 49.5144, 84.1922, 3.46774, 3.86659, 0.385375
228, -27.7344, -22.3161, 388.962, 79.3027, 352.689, 403.733, 45.2272, 354.081, 58.526, 21.8822, 48.8446, 77.1217, 2.64309, 3.84935, 0.367889
293, -27.7686, -22.8792, 410.844, 67.1912, 355.506, 384.016, 46.9472, 356.444, 60.3621, 22.6577, 49.5639, 82.9399, 4.82663, 3.31458, 0.388927
337, -27.3634, -22.4514, 411.059, 73.6383, 361.302, 401.967, 46.9197, 330.32, 60.2772, 22.6865, 50.2798, 86.712, 2.91772, 3.742, 0.389688
364, -27.936, -22.8274, 398.929, 59.935, 371.172, 384.955, 45.3501, 363.403, 59.4776, 21.3589, 47.3547, 92.4734, 2.99852, 3.41578, 0.400881
311, -27.8288, -22.9754, 408.863, 65.1701, 371.859, 397.648, 46.9841, 357.241, 60.2772, 22.546, 48.6035, 75.6596, 4.70281, 3.21652, 0.390062
254, -27.4072, -22.74, 408.154, 62.8802, 354.193, 405.417, 46.5355, 331.22, 59.331, 22.4328, 48.1175, 78.25, 4.6455, 3.64935, 0.414872
365, -27.4715, -22.8113, 408.607, 61.5398, 360.075, 390.478, 45.265, 326.281, 61.5861, 21.0715, 50.5459, 82.0192, 4.44372, 3.13177, 0.408954
305, -27.6799, -22.6917, 400.06, 77.8687, 369.478, 397.985, 46.3796, 331.956, 60.8941, 21.623, 48.2148, 85.2151, 2.35459, 3.88485, 0.384976
265, -27.3997, -22.8725, 391.499, 71.8907, 360.173, 389.504, 46.5809, 344.937, 60.2977, 20.5354, 49.5778, 76.2017, 4.19831, 3.31089, 0.382537
243, -27.9088, -22.8157, 397.43, 70.6305, 367.6, 385.839, 45.2426, 361.366, 59.0199, 20.21, 47.5124, 90.1141, 4.70945, 3.7467, 0.374737
60, -27.4078, -22.8656, 408.901, 70.568, 357.649, 398.249, 45.5376, 344.041, 58.3355, 21.5436, 50.6052, 83.5121, 3.67213, 3.28728, 0.39764
175, -28.1277, -23.0408, 400.429, 79.768, 373.522, 383.826, 45.6827, 331.257, 58.0572, 21.4695, 48.6648, 75.3288, 2.09998, 3.16912, 0.382603
354, -27.6087, -22.4759, 390.729, 72.9929, 371.825, 396.091, 45.1809, 368.883, 61.3712, 21.9934, 48.4118, 78.8085, 2.91396, 3.67113, 0.378288
184, -27.4309, -22.3212, 399.905, 61.2661, 368.168, 388.638, 45.6472, 363.996, 60.7522, 22.9043, 47.9198, 77.1023, 3.5178, 3.29424, 0.39233
59, -27.442, -22.7941, 406.744, 67.2449, 360.583, 386.819, 46.9956, 371.664, 61.022, 23.1814, 48.524, 80.4612, 3.63308, 3.0413, 0.377516
331, -27.3875, -22.6149, 401.336, 62.2051, 359.79, 397.408, 45.6636, 360.221, 58.5606, 22.8686, 47.7552, 89.188, 3.92411, 3.22134, 0.411891
8, -27.8238, -22.5155, 408.636, 81.4107, 353.13, 383.17, 46.6556, 325.556, 60.4959, 23.9086, 48.7724, 73.376, 4.9295, 3.17364, 0.411382
367, -27.9146, -22.5488, 398.513, 76.4658, 370.065, 398.557, 45.6604, 344.6, 58.3562, 20.5824, 50.7147, 87.4418, 4.14883, 3.903, 0.38018
50, -27.4457, -22.5711, 407.207, 60.4606, 359.127, 402.221, 45.2062, 373.368, 59.7874, 23.3093, 47.9672, 90.1012, 4.15108, 3.6975, 0.371431
312, -27.916, -23.0503, 402.128, 75.2526, 365.448, 387.26, 46.8232, 341.326, 58.8038, 23.8638, 47.2293, 75.1068, 2.59592, 3.82932, 0.363073
328, -28.0124, -22.8049, 408.618, 67.838, 358.379, 387.352, 46.0635, 359.757, 61.3379, 22.7535, 50.419, 73.4558, 2.92194, 3.27646, 0.410797
220, -27.8133, -22.9724, 391.88, 68.5467, 362.908, 403.012, 46.8249, 328.773, 61.9218, 20.6995, 47.1432, 85.7623, 2.58826, 3.96542, 0.41792
115, -27.9243, -22.5003, 391.877, 60.0032, 351.942, 404.429, 46.8926, 356.088, 58.0652, 22.6564, 49.2611, 75.842, 2.72529, 3.79564, 0.418059
296, -27.6981, -22.3426, 407.384, 80.4922, 354.144, 392.336, 46.3425, 352.283, 61.2841, 21.0429, 49.3015, 84.4261, 2.74124, 3.40502, 0.396244
128, -27.6933, -23.0456, 403.81, 77.6579, 370.807, 402.727, 46.0914, 367.911, 61.801, 21.1428, 48.5136, 83.6886, 3.96741, 3.84893, 0.393839
79, -27.5757, -22.8463, 397.553, 59.7178, 359.844, 400.777, 46.2425, 372.578, 61.5066, 22.7101, 49.4773, 91.2553, 2.03, 3.5375, 0.394684
283, -27.5729, -22.674, 410.983, 77.3926, 372.575, 406.237, 46.8025, 358.545, 61.8681, 23.9081, 48.8197, 74.7393, 3.54463, 3.67304, 0.406271
369, -27.8546, -23.0257, 407.87, 74.3021, 360.161, 383.72, 45.2846, 346.878, 60.2254, 23.9757, 49.982, 74.2281, 3.03046, 3.89535, 0.372658
122, -27.8331, -22.6208, 404.524, 58.3856, 365.928, 400.044, 46.3094, 335.608, 60.7417, 20.9165, 50.8234, 83.0731, 4.24845, 3.30952, 0.377375
91, -27.6678, -22.6831, 389.54, 80.3225, 355.271, 400.596, 45.8438, 367.037, 59.1589, 22.6878, 49.0733, 78.4768, 3.06768, 3.07653, 0.418981
43, -27.8513, -22.5947, 389.964, 59.4433, 371.464, 388.105, 46.362, 331.218, 60.1959, 23.4956, 50.3738, 80.2802, 4.3715, 3.12267, 0.405954
197, -28.1033, -22.4156, 403.178, 80.1286, 361.594, 399.993, 45.6873, 352.098, 61.6296, 23.1339, 49.7081, 82.108, 3.94316, 3.32737, 0.395008
171, -27.4372, -22.3212, 392.657, 76.8598, 356.792, 406.966, 46.2837, 352.558, 61.2361, 22.2775, 48.7512, 79.3522, 3.55131, 3.06098, 0.408187
350, -27.4372, -22.9601, 399.235, 60.4029, 369.202, 400.105, 45.5651, 339.384, 61.0094, 21.4013, 47.7864, 89.7009, 2.59011, 3.65643, 0.36738
277, -27.6979, -22.9357, 394.887, 81.7758, 355.6, 400.69, 46.3337, 366.504, 60.6264, 22.6406, 47.1838, 75.0369, 3.48388, 3.78368, 0.403091
47, -27.8808, -23.0552, 391.83, 60.8859, 361.88, 404.207, 46.7548, 361.722, 59.2447, 21.7459, 48.6627, 88.1711, 2.55539, 3.06068, 0.376309
194, -28.0477, -22.5736, 395.355, 78.3735, 364.664, 403.213, 45.1892, 326.149, 61.6947, 23.8162, 49.9594, 87.355, 4.17521, 3.67567, 0.408091
160, -27.4373, -22.8247, 389.711, 76.0556, 366.672, 393.23, 46.2873, 333.696, 59.1806, 23.1363, 48.5663, 79.8917, 2.79189, 3.86469, 0.388204
170, -27.6552, -22.8051, 410.684, 63.3578, 362.694, 387.324, 46.0444, 349.759, 61.426, 22.5829, 47.7221, 92.5663, 4.63734, 3.38723, 0.410795
36, -27.5725, -23.0811, 393.668, 63.8601, 363.581, 387.186, 46.8347, 333.946, 61.3288, 20.0393, 47.8017, 73.364, 3.87816, 3.74177, 0.363597
187, -27.9871, -22.6192, 391.136, 78.3007, 360.447, 400.316, 46.5613, 348.993, 61.7821, 22.3688, 47.4536, 89.7969, 2.92537, 3.88029, 0.411617
269, -27.7899, -22.366, 409.032, 70.9711, 365.481, 406.471, 45.1674, 370.475, 58.8402, 22.2402, 48.2781, 86.7093, 4.80386, 3.6138, 0.369269
108, -27.8283, -22.8511, 399.941, 76.6809, 366.925, 391.89, 45.542, 353.403, 59.8847, 22.9315, 47.4128, 79.1878, 4.59163, 3.72183, 0.362294
336, -27.7998, -22.4127, 388.19, 77.6388, 360.635, 400.937, 46.2256, 332.864, 59.1178, 23.3511, 50.6897, 84.1178, 3.21829, 3.95928, 0.41198
201, -27.9117, -22.4263, 393.159, 74.2604, 359.353, 390.078, 46.2844, 329.158, 61.0479, 23.762, 47.9385, 85.3761, 3.10282, 3.8383, 0.381083
298, -28.0225, -22.3837, 402.296, 79.178, 351.942, 393.707, 45.3854, 356.196, 60.7374, 22.1964, 49.6152, 92.2502, 2.41894, 3.36723, 0.387605
0, -27.8375, -23.0018, 392.393, 78.739, 372.122, 392.456, 46.9369, 352.147, 59.1522, 22.4491, 47.0451, 81.6124, 2.64787, 3.45421, 0.376866
309, -27.7888, -22.9973, 405.735, 72.0684, 369.797, 399.191, 46.1529, 337.202, 61.8366, 22.9978, 50.054, 88.0256, 4.84524, 3.18494, 0.363794
282, -28.0553, -22.7262, 399.683, 73.0604, 354.843, 400.298, 46.3381, 347.942, 58.6782, 20.1298, 48.8759, 88.4612, 4.81205, 3.26535, 0.407586
214, -27.3996, -22.804, 390.622, 58.4719, 360.555, 403.353, 46.648, 357.413, 61.2189, 22.9768, 48.7693, 76.1688, 3.60482, 3.83586, 0.363081
58, -27.3974, -22.9319, 404.817, 64.4262, 353.808, 392.271, 46.8161, 351.022, 58.4826, 22.4724, 48.1127, 84.6726, 2.31182, 3.54241, 0.373399
83, -27.913, -22.3353, 407.609, 60.2912, 365.954, 400.256, 46.9739, 373.08, 58.6535, 20.9795, 47.3058, 92.3953, 2.82237, 3.30432, 0.406821
181, -27.8974, -22.3588, 405.046, 79.166, 372.715, 384.77, 46.0081, 330.234, 61.8595, 23.563, 48.5044, 74.7775, 2.21079, 3.34472, 0.373441
146, -27.6939, -22.9286, 389.425, 63.5947, 352.344, 397.922, 45.3898, 362.564, 59.0875, 21.4246, 47.8246, 85.6074, 3.64032, 3.75927, 0.374407
16, -27.4449, -22.6709, 397.534, 61.6615, 358.037, 399.556, 46.5621, 342.117, 59.5364, 21.7159, 48.6143, 85.24, 2.62691, 3.90442, 0.396083
307, -28.0266, -22.632, 404.613, 59.6323, 358.244, 392.434, 45.0491, 355.023, 61.2387, 21.2297, 47.1391, 85.2822, 3.32766, 3.71963, 0.387215
105, -27.8435, -22.8592, 397.1, 67.8249, 360.944, 385.415, 46.3885, 346.45, 60.4959, 23.4501, 49.6397, 89.9058, 2.66447, 3.35835, 0.373135
143, -27.8277, -22.507, 391.553, 67.9968, 365.532, 394.319, 46.1122, 340.638, 61.1152, 21.5514, 47.2816, 85.2725, 2.36397, 3.10634, 0.402215
144, -28.0485, -22.6672, 410.324, 79.4933, 371.056, 396.4, 46.1329, 359.861, 60.9139, 22.0097, 48.3582, 92.8858, 4.56731, 3.68626, 0.391868
236, -27.5727, -22.4102, 393.85, 64.3464, 356.952, 389.34, 46.4533, 368.645, 61.2373, 22.3035, 49.2462, 92.2238, 4.34048, 3.16447, 0.360917
102, -27.8367, -22.2954, 400.872, 66.4063, 368.05, 405.95, 46.3047, 356.26, 59.8067, 23.0243, 47.4387, 92.3503, 4.59634, 3.72704, 0.386219
264, -28.0226, -22.4127, 394.756, 69.1845, 373.414, 394.658, 46.5153, 348.02, 58.0858, 20.953, 47.3017, 85.7908, 2.52345, 3.8114, 0.386755
234, -27.4268, -22.7548, 391.684, 66.8618, 351.657, 384.228, 46.4295, 366.055, 60.58, 23.7633, 50.9184, 73.0438, 2.40936, 3.55355, 0.409751
302, -27.5126, -22.7624, 409.865, 65.8707, 357.379, 388.262, 45.3691, 360.59, 59.513, 22.5788, 47.189, 75.5355, 3.97266, 3.18116, 0.414302
383, -27.6752, -22.304, 389.446, 65.4227, 357.237, 401.84, 46.0305, 362.756, 58.5388, 23.1397, 47.6892, 88.2719, 4.15022, 3.0985, 0.392481
30, -27.4928, -22.3493, 402.904, 81.7613, 360.826, 383.27, 45.0202, 335.034, 58.0899, 20.9081, 47.8571, 91.2839, 2.89314, 3.0311, 0.394095
72, -27.6782, -22.3789, 395.546, 78.2943, 353.545, 396.326, 46.6431, 343.734, 60.5929, 23.6844, 49.167, 82.3185, 3.73398, 3.17645, 0.385436
267, -27.8588, -22.3599, 397.856, 66.3379, 359.639, 401.656, 46.0773, 364.213, 58.1267, 23.6161, 49.1712, 87.8254, 2.04939, 3.2155, 0.401729
178, -27.603, -22.4017, 401.494, 71.1005, 373.859, 393.568, 46.4126, 344.696, 58.3435, 20.739, 50.6747, 87.431, 3.05798, 3.98825, 0.411884
127, -28.0006, -22.5445, 389.639, 77.9466, 369.399, 388.782, 46.3485, 350.673, 61.7979, 23.6106, 49.9966, 78.8313, 4.38048, 3.60774, 0.368803
224, -28.077, -22.5871, 406.795, 70.871, 369.022, 392.583, 46.1051, 342.849, 58.7071, 20.8944, 47.9103, 79.987, 2.55449, 3.73782, 0.388033
352, -27.4079, -22.355, 404.18, 79.6847, 365.944, 389.683, 46.9922, 357.628, 58.7406, 21.6217, 48.7584, 87.5245, 4.80255, 3.11165, 0.370337
190, -27.7965, -22.4247, 400.563, 63.9472, 366.356, 390.939, 45.5289, 366.614, 58.5397, 20.7199, 49.5087, 90.239, 4.58367, 3.57987, 0.362883
379, -27.5638, -22.9369, 393.883, 66.1595, 366.398, 392.124, 46.3369, 366.299, 59.4436, 20.5979, 49.5693, 91.1937, 2.12868, 3.70926, 0.369082
319, -27.7568, -22.4408, 396.636, 72.9343, 350.567, 383.948, 45.8844, 338.223, 58.9452, 20.6404, 49.9554, 83.7964, 2.07648, 3.38978, 0.378953
206, -27.9213, -22.3301, 410.897, 66.2288, 363.133, 387.22, 46.6188, 329.403, 59.7206, 23.7324, 47.655, 89.6213, 3.76413, 3.11284, 0.390021
179, -27.3652, -22.4364, 389.695, 80.6563, 359.171, 398.974, 45.0935, 345.434, 60.2007, 22.7416, 48.0323, 82.8948, 4.77321, 3.7955, 0.376372
121, -27.6523, -22.6242, 405.853, 70.5435, 360.573, 386.769, 46.0594, 327.395, 58.5908, 23.3724, 47.2937, 82.5832, 2.63823, 3.02354, 0.388684
154, -28.0368, -22.5986, 404.987, 58.3044, 354.999, 383.397, 46.7468, 331.769, 60.9467, 23.3153, 48.3166, 80.9199, 4.25723, 3.90243, 0.398889
5, -27.6124, -23.0791, 390.915, 58.1653, 358.877, 398.87, 45.8648, 332.763, 61.893, 20.2534, 49.5341, 91.5775, 3.9437, 3.24015, 0.409741
164, -28.0737, -22.4701, 411.461, 65.0546, 355.449, 392.32, 46.1257, 345.239, 59.859, 20.9399, 50.9188, 82.1554, 4.06666, 3.99808, 0.396841
284, -27.7913, -22.7068, 403.606, 71.1361, 373.004, 401.379, 45.3878, 363.443, 60.6727, 20.5323, 49.6144, 74.0021, 4.37145, 3.86389, 0.378194
205, -27.5296, -22.5594, 388.957, 63.3451, 352.941, 403.272, 46.4932, 343.392, 61.8198, 23.9362, 47.0738, 86.9948, 2.57487, 3.58199, 0.408067
9, -27.5238, -22.9301, 401.885, 81.865, 356.422, 399.376, 45.8597, 368.034, 58.7595, 21.2321, 47.4599, 87.664, 3.31035, 3.74289, 0.410721
348, -27.6221, -22.8899, 401.627, 65.6768, 358.739, 388.734, 45.4638, 363.781, 60.0857, 23.6716, 49.4397, 78.6424, 3.99237, 3.5899, 0.360318
363, -27.9862, -22.5276, 406.074, 70.892, 356.337, 392.696, 45.8298, 346.96, 61.3438, 23.8274, 49.6998, 89.9818, 2.03351, 3.52267, 0.40378
135, -27.7563, -22.519, 393.687, 69.0582, 365.731, 404.476, 45.2065, 372.087, 58.9501, 22.8691, 50.0814, 90.3449, 4.60197, 3.00346, 0.415238
138, -27.4618, -22.6299, 394.254, 73.654, 352.769, 402.274, 45.3937, 348.843, 58.1112, 20.5404, 49.4276, 75.1499, 3.08421, 3.86847, 0.367067
191, -27.6378, -22.4949, 402.656, 58.3807, 371.919, 389.147, 45.1238, 368.233, 61.619, 21.5391, 47.5538, 92.3906, 3.60758, 3.22827, 0.36322
46, -28.1277, -23.0345, 389.261, 60.5967, 357.167, 393.909, 45.3507, 336.327, 60.3134, 20.358, 47.5874, 84.7251, 2.64453, 3.06349, 0.370056
247, -27.4897, -22.6448, 392.802, 59.6922, 362.973, 395.369, 46.1093, 356.888, 58.1191, 23.6213, 47.6726, 80.3921, 3.05683, 3.90847, 0.404616
301, -27.3577, -22.9544, 411.833, 73.7481, 363.643, 400.271, 46.3331, 329.94, 58.6432, 22.4989, 48.3911, 79.3204, 4.33289, 3.99199, 0.369243
169, -27.5127, -22.473, 404.807, 58.491, 357.059, 384.347, 45.2122, 365.837, 58.7442, 21.5135, 49.7089, 74.0687, 4.39587, 3.59325, 0.403978
396, -27.4868, -22.684, 401.538, 81.4989, 362.469, 388.079, 46.32, 345.823, 61.2765, 20.5065, 50.293, 87.3994, 4.82319, 3.68788, 0.409771
180, -27.4776, -22.9464, 403.99, 78.3296, 350.087, 384.09, 45.6699, 347.731, 59.4947, 23.7662, 48.2247, 73.6081, 4.60145, 3.69346, 0.41371
300, -27.7602, -22.3579, 395.037, 74.9329, 357.992, 403.798, 46.1083, 354.632, 58.4515, 22.5751, 47.9887, 86.77, 2.63661, 3.77345, 0.37423
124, -27.6974, -23.0767, 401.118, 72.9127, 358.081, 383.761, 45.7696, 353.224, 60.7979, 20.1884, 48.3727, 92.0347, 2.87703, 3.4473, 0.369519
200, -28.1296, -22.3978, 393.512, 65.8675, 365.129, 391.8, 46.4851, 327.526, 59.8613, 20.5532, 50.1801, 77.3129, 4.4621, 3.00526, 0.383466
213, -28.0511, -22.2979, 389.188, 70.5104, 365.438, 383.479, 45.9036, 331.709, 59.2611, 20.4449, 49.7618, 92.0443, 4.97198, 3.54335, 0.376773
21, -28.0802, -22.9223, 401.639, 73.9449, 370.845, 384.639, 46.0269, 349.471, 61.7529, 21.7116, 49.5274, 85.9252, 2.79637, 3.70739, 0.412461
334, -27.3962, -22.7854, 402.826, 67.2792, 360.525, 389.596, 46.1626, 355.306, 59.5166, 20.8792, 47.1786, 91.9959, 2.80741, 3.49849, 0.365371
104, -27.5615, -22.8118, 401.107, 75.6764, 373.623, 392.796, 45.806, 342.408, 61.2974, 21.4287, 48.3911, 79.553, 2.61467, 3.84391, 0.396091
153, -27.8667, -22.6523, 402.183, 58.8463, 367.152, 404.016, 46.5173, 341.266, 61.2259, 20.8895, 49.0973, 80.5848, 2.51244, 3.04895, 0.40843
242, -27.5658, -22.8137, 409.718, 73.2523, 373.902, 396.111, 46.302, 346.682, 58.0188, 23.5185, 48.6705, 81.0182, 3.2469, 3.13806, 0.405349
166, -27.3929, -22.866, 399.301, 58.705, 369.993, 401.655, 46.8899, 372.962, 58.5297, 21.4905, 50.3682, 90.144, 3.2032, 3.10465, 0.417593
7, -28.0597, -22.6184, 408.208, 80.9121, 353.97, 395.663, 45.2508, 355.042, 61.4653, 21.5398, 49.6871, 84.6611, 2.60955, 3.75288, 0.369821
32, -27.5098, -22.5996, 404.712, 75.2747, 352.63, 388.83, 45.7335, 327.722, 60.8912, 22.1858, 48.6594, 77.5678, 2.66653, 3.45309, 0.372907
330, -28.0762, -22.9, 394.959, 64.4672, 354.829, 393.207, 45.2543, 370.16, 59.6352, 22.4747, 49.1447, 89.738, 4.82506, 3.10219, 0.413633
198, -27.7838, -23.0477, 409.973, 79.383, 360.899, 395.38, 46.6483, 333.654, 61.7971, 23.7907, 48.1858, 74.9983, 3.11093, 3.0982, 0.376837
362, -27.7608, -22.7968, 403.962, 78.7676, 359.677, 403.694, 45.3945, 327.031, 61.3385, 20.2588, 48.0897, 87.1718, 3.80771, 3.34638, 0.398988
260, -27.8165, -22.4255, 411.914, 59.151, 358.526, 399.552, 46.4108, 366.382, 58.8455, 21.5277, 49.6739, 79.258, 3.90815, 3.8967, 0.378131
11, -27.5087, -22.994, 403.714, 72.7433, 367.873, 397.921, 46.1695, 364.326, 60.8695, 23.6727, 48.6266, 82.2636, 3.34759, 3.09122, 0.41318
280, -27.4001, -22.8976, 397.923, 61.3278, 356.945, 384.891, 45.6875, 359.893, 59.2973, 23.0936, 48.6796, 82.2755, 2.62729, 3.76131, 0.404803
92, -27.9735, -23.0049, 390.428, 61.594, 369.389, 402.512, 46.0277, 354.13, 60.6016, 23.4048, 48.9542, 76.8256, 2.73719, 3.91051, 0.380601
394, -27.3839, -22.9871, 405.071, 69.7289, 357.468, 384.713, 45.3998, 331.686, 58.6393, 23.6212, 49.9939, 91.4693, 2.14799, 3.00173, 0.400934
168, -27.6218, -22.2872, 399.584, 63.5076, 364.79, 395.249, 45.5994, 358.353, 60.0594, 20.2615, 50.9682, 90.106, 3.30028, 3.91382, 0.405145
222, -27.5082, -22.4706, 390.856, 58.7992, 361.959, 406.961, 46.6743, 369.855, 60.0025, 21.8255, 48.9244, 89.8731, 3.8841, 3.94751, 0.396835
338, -27.4062, -22.514, 403.986, 69.5205, 365.763, 406.302, 45.6364, 368.317, 59.272, 21.8404, 50.35, 74.2371, 2.5821, 3.59595, 0.397394
238, -27.9573, -22.6592, 400.367, 78.1324, 362.138, 400.042, 45.5101, 361.189, 61.6416, 20.8744, 48.7463, 88.4607, 3.50906, 3.35561, 0.370764
378, -27.4758, -22.4466, 390.882, 69.6236, 367.65, 384.509, 46.479, 371.907, 61.269, 20.8801, 48.6027, 86.032, 4.10947, 3.71678, 0.40049
353, -27.5523, -23.0081, 390.128, 80.1126, 368.865, 398.211, 46.9678, 355.55, 61.6305, 23.6483, 47.4186, 82.7469, 2.63954, 3.32118, 0.373263
188, -27.4338, -22.6738, 390.323, 61.5435, 373.327, 404.825, 45.1469, 373.411, 58.7489, 22.3867, 50.5015, 85.5099, 3.08058, 3.39233, 0.396139
345, -27.9025, -23.0073, 411.413, 77.138, 361.505, 394.955, 46.7742, 354.312, 60.6957, 23.5434, 49.5623, 81.5829, 4.47626, 3.59114, 0.382152
88, -27.5757, -22.948, 409.653, 65.9045, 358.126, 400.207, 46.1991, 351.931, 61.7683, 22.2459, 48.2506, 79.5711, 4.19082, 3.65699, 0.361286
196, -28.0828, -22.9996, 405.641, 74.9051, 364.849, 387.328, 45.266, 361.144, 60.4225, 23.2827, 49.0938, 80.1461, 3.26192, 3.01482, 0.400707
219, -27.7103, -22.7758, 391.085, 73.812, 353.53, 395.53, 46.0952, 366.729, 61.2201, 20.7418, 48.512, 87.7936, 3.42851, 3.36182, 0.406147
86, -28.0513, -23.0545, 392.408, 67.8542, 370.65, 402.988, 45.9102, 335.094, 61.7736, 20.8583, 49.4693, 91.6322, 3.58359, 3.48702, 0.40415
240, -27.8228, -22.2959, 405.195, 70.3162, 370.78, 386.032, 45.066, 360.803, 61.7908, 22.2285, 50.192, 81.9743, 4.9152, 3.44324, 0.38333
310, -27.3789, -22.4271, 398.934, 79.0294, 369.402, 401.55, 46.6269, 356.033, 61.5056, 23.2694, 49.1597, 92.6271, 3.47935, 3.92705, 0.370475
226, -27.4932, -22.4917, 411.134, 75.6514, 357.69, 388.074, 45.8025, 347.674, 59.62, 21.972, 47.8376, 82.4431, 3.3168, 3.5856, 0.383668
290, -27.9788, -22.2889, 388.969, 65.602, 352.123, 385.482, 46.3772, 342.273, 60.3889, 20.7708, 49.409, 86.8486, 4.55936, 3.95359, 0.405343
29, -27.7045, -22.5048, 388.904, 71.1127, 361.328, 396.194, 46.1179, 370.403, 60.3259, 22.7491, 47.2734, 82.2077, 4.3972, 3.30617, 0.416314
130, -28.0454, -23.0804, 389.007, 74.0631, 358.273, 404.392, 46.6962, 355.017, 60.1718, 20.9358, 50.1005, 82.536, 3.65846, 3.3606, 0.398278
157, -28.1055, -23.0537, 390.865, 74.6835, 367.094, 387.658, 45.4545, 348.103, 60.5711, 21.7514, 49.5641, 78.6813, 2.46875, 3.1977, 0.389997
393, -27.8377, -22.8069, 392.2, 74.9547, 367.837, 405.227, 46.8126, 330.843, 58.5651, 21.0669, 48.7142, 77.267, 2.03196, 3.84111, 0.382162
24, -27.6437, -22.567, 410.943, 71.6359, 373.672, 392.859, 45.1011, 332.298, 58.5631, 21.6432, 47.1939, 87.7468, 2.7589, 3.88056, 0.416618
327, -27.9112, -22.3133, 410.203, 79.1378, 367.959, 388.834, 45.2081, 366.625, 60.129, 21.603, 49.8399, 91.3583, 3.49202, 3.82992, 0.362247
333, -27.6153, -22.7748, 388.94, 81.2438, 357.298, 395.494, 45.1522, 368.751, 60.9976, 20.2913, 49.4915, 84.3493, 2.05275, 3.8627, 0.386515
118, -27.692, -22.663, 411.275, 61.5363, 354.855, 393.066, 46.4242, 352.677, 61.1828, 22.5335, 47.4928, 90.039, 3.05227, 3.57431, 0.400072
256, -27.3495, -22.7475, 394.001, 67.2952, 364.266, 402.486, 45.738, 345.108, 60.9421, 22.2675, 48.9722, 79.924, 2.0642, 3.12628, 0.401188
51, -27.3371, -22.5122, 406.492, 71.6104, 366.992, 383.069, 46.1518, 364.103, 60.201, 22.3249, 50.8502, 80.9489, 2.82369, 3.78064, 0.409236
12, -28.0056, -22.3778, 409.024, 71.2194, 372.625, 396.247, 46.5825, 367.498, 60.716, 21.1703, 49.6656, 85.2634, 2.13767, 3.41394, 0.373964
185, -27.4578, -22.7703, 407.222, 69.3811, 373.762, 391.682, 45.8043, 373.575, 60.8332, 23.4142, 48.525, 82.3833, 4.17351, 3.90894, 0.383136
87, -27.7488, -22.9467, 388.026, 68.3728, 363.73, 385.51, 45.9593, 367.115, 58.545, 22.9302, 49.3526, 83.1152, 4.3205, 3.64459, 0.377068
372, -28.0473, -22.4647, 392.054, 59.9603, 368.949, 406.105, 46.0542, 348.515, 61.7576, 23.6088, 50.3468, 89.9167, 3.7567, 3.84723, 0.401088
165, -27.4547, -22.9734, 411.446, 61.4579, 364.522, 404.649, 45.671, 334.628, 58.2567, 22.8865, 49.4354, 90.1597, 2.74484, 3.92774, 0.373174
340, -27.6222, -22.7195, 399.195, 67.9632, 359.436, 384.608, 45.2449, 370.084, 59.5048, 23.0833, 47.0654, 81.398, 4.67856, 3.91134, 0.417297
33, -27.6376, -22.9055, 400.098, 71.1379, 368.607, 400.834, 46.4862, 345.289, 58.0162, 21.2128, 50.179, 82.6707, 2.45569, 3.21678, 0.369812
346, -27.7563, -22.6363, 392.09, 80.6436, 369.2, 387.414, 45.3026, 350.507, 59.1568, 20.718, 47.6031, 90.6401, 4.9531, 3.88362, 0.371617
203, -27.702, -22.8289, 396.95, 76.4684, 357.125, 404.772, 45.9895, 336.712, 58.0233, 23.5019, 50.2741, 86.4764, 2.53079, 3.04995, 0.38728
246, -27.5307, -22.8741, 406.582, 61.7629, 359.636, 405.842, 45.0315, 364.573, 61.822, 20.234, 49.7252, 75.6694, 4.43779, 3.01739, 0.402886
325, -27.3328, -22.3665, 407.647, 59.51, 357.323, 394.545, 46.3304, 359.188, 61.4453, 22.3401, 50.6832, 77.2858, 3.71207, 3.19783, 0.36134
14, -27.4515, -22.4026, 407.812, 62.508, 357.449, 389.244, 45.6771, 362.944, 58.6347, 22.6521, 47.1959, 80.9803, 3.09137, 3.53728, 0.413694
392, -28.0555, -22.5305, 402.482, 79.6288, 366.741, 401.993, 45.2149, 366.158, 59.9512, 22.9645, 48.1892, 87.0181, 4.51254, 3.96909, 0.395094
274, -27.8969, -22.5686, 388.142, 76.5304, 370.213, 397.377, 45.5538, 344.297, 61.5614, 21.6433, 49.2231, 90.7708, 3.10182, 3.54867, 0.368776
82, -27.8745, -23.062, 393.517, 81.8212, 357.458, 385.83, 45.4011, 359.842, 61.2759, 22.5482, 50.6822, 79.3563, 3.89618, 3.51253, 0.394661
1, -27.7364, -22.5941, 410.583, 80.8466, 357.486, 393.294, 45.5413, 330.006, 61.7582, 20.3314, 48.9574, 89.1309, 4.37507, 3.13201, 0.374504
142, -27.9741, -22.5635, 405.662, 67.9598, 371.258, 393.848, 45.2701, 359.133, 59.9181, 20.7437, 47.3118, 90.9792, 3.61284, 3.80266, 0.412604
295, -27.7953, -22.8563, 395.379, 72.0906, 367.663, 400.153, 45.6125, 353.88, 58.1345, 22.882, 47.7328, 82.698, 3.8552, 3.47145, 0.414247
132, -27.6918, -23.0426, 397.678, 74.4617, 372.087, 388.184, 46.8951, 361.526, 60.9691, 23.9247, 49.442, 85.3936, 2.97067, 3.17514, 0.404676
4, -27.9997, -22.8058, 409.552, 77.7629, 372.693, 392.302, 46.669, 342.863, 60.0331, 22.4495, 49.3776, 73.9599, 3.79967, 3.045, 0.395056
133, -27.4557, -22.7695, 406.217, 58.9729, 369.107, 398.124, 46.2926, 356.013, 59.2191, 20.0903, 49.4765, 73.7888, 3.59249, 3.5113, 0.370606
37, -27.4511, -22.5519, 388.329, 72.599, 355.06, 385.406, 46.4917, 368.977, 59.4508, 20.6227, 50.4641, 85.4339, 2.56976, 3.12831, 0.378729
90, -28.1144, -22.6341, 399.971, 62.4911, 360.282, 392.099, 45.7358, 358.36, 59.4336, 23.7295, 50.4727, 80.3643, 3.47107, 3.47846, 0.397194
120, -27.673, -22.954, 399.012, 75.9163, 373.367, 401.94, 46.9185, 350.588, 59.5832, 21.042, 50.238, 85.7845, 2.67635, 3.02337, 0.360609
281, -28.0149, -22.5857, 398.364, 73.9515, 359.111, 393.361, 45.7302, 349.065, 60.9576, 21.2937, 50.8728, 74.3049, 2.28291, 3.14281, 0.396056
291, -27.4351, -22.7937, 392.469, 72.7455, 354.207, 389.222, 46.1262, 332.961, 60.2446, 20.1214, 47.0038, 80.7024, 4.44985, 3.4695, 0.373275
250, -27.6829, -22.6296, 406.292, 79.8067, 373.794, 401.163, 46.5053, 361.72, 61.5872, 20.0392, 50.2736, 87.0836, 2.9927, 3.56532, 0.382327
66, -27.8438, -22.997, 404.156, 67.4871, 372.14, 385.49, 46.5446, 325.73, 61.1977, 20.0538, 50.1836, 77.9048, 4.29338, 3.74895, 0.371293
151, -28.1138, -22.3768, 395.528, 76.7093, 367.521, 391.042, 46.7784, 355.352, 59.2256, 20.8899, 48.8007, 77.5469, 4.84795, 3.04149, 0.396777
97, -27.7092, -22.9625, 397.577, 77.1859, 371.129, 406.687, 45.8832, 362.05, 60.6585, 20.238, 47.8652, 82.9842, 2.28301, 3.30647, 0.410118
211, -27.7632, -22.865, 405.964, 64.0984, 373.039, 403.814, 46.3746, 336.076, 60.56, 23.7783, 50.1476, 86.6084, 4.48752, 3.7721, 0.393554
78, -27.9947, -22.3482, 402.994, 68.0041, 360.531, 403.967, 45.4748, 330.654, 59.8558, 21.739, 47.4158, 80.9764, 3.74407, 3.29045, 0.36277
216, -27.5321, -22.3047, 402.524, 81.7272, 356.253, 384.997, 46.7046, 337.39, 59.9089, 23.903, 48.2257, 74.0639, 4.77, 3.28918, 0.397049
286, -27.5498, -22.7962, 404.445, 65.8652, 357.929, 388.143, 45.7807, 348.06, 59.7403, 21.064, 49.4708, 78.3825, 3.81869, 3.55715, 0.376013
329, -27.5516, -22.9341, 389.302, 79.0179, 351.764, 391.128, 45.7569, 332.408, 61.2929, 21.1312, 50.0261, 76.0487, 3.52479, 3.31287, 0.381324
321, -27.3988, -22.3906, 396.37, 78.808, 369.362, 390.784, 45.3052, 352.354, 61.1872, 23.0619, 49.8993, 77.6918, 4.58893, 3.86401, 0.360618
261, -27.3418, -23.0565, 392.688, 58.0861, 352.52, 402.532, 46.3356, 325.311, 60.0598, 21.8837, 50.3398, 92.6677, 2.39987, 3.59247, 0.371104
215, -27.5342, -22.8546, 410.84, 78.751, 350.468, 384.738, 45.0566, 370.864, 61.8769, 21.2065, 50.5008, 78.409, 3.05242, 3.8775, 0.371483
244, -28.1147, -22.4211, 410.396, 66.8114, 371.455, 390.847, 46.3474, 368.768, 61.1756, 20.0679, 49.7537, 80.5259, 2.59649, 3.89848, 0.399168
125, -27.3965, -22.6472, 388.273, 66.2468, 357.122, 386.034, 45.1642, 362.962, 60.9898, 20.2755, 47.6123, 81.4123, 3.5895, 3.41388, 0.404859
255, -27.9812, -22.9147, 404.111, 65.9741, 372.895, 386.273, 45.2506, 374.766, 61.0684, 20.4081, 47.7604, 79.3324, 3.45199, 3.74024, 0.388064
126, -27.4511, -22.5247, 404.551, 75.4479, 363.202, 384.517, 45.2364, 367.276, 59.7675, 22.6623, 48.3279, 82.1492, 2.68685, 3.56795, 0.37087
239, -28.0267, -22.7818, 394.934, 81.03, 373.483, 406.978, 46.0216, 345.691, 58.9626, 22.2296, 48.0214, 90.444, 4.31843, 3.64394, 0.396023
74, -27.5859, -22.7578, 409.22, 73.9312, 352.472, 392.891, 46.5933, 342.147, 60.5318, 22.7324, 49.4563, 73.4822, 2.47947, 3.30779, 0.407125
116, -27.7533, -22.882, 404.246, 67.2294, 366.801, 406.383, 45.9506, 344.115, 61.0303, 22.2318, 50.579, 76.5173, 2.32852, 3.93959, 0.373163
389, -27.9233, -22.9533, 392.498, 73.6297, 365.182, 396.524, 45.5052, 334.866, 60.6341, 20.7258, 47.3519, 88.7973, 3.06997, 3.71767, 0.411567
275, -27.6554, -22.9828, 404.652, 64.1987, 370.017, 385.414, 46.3887, 365.548, 58.8061, 22.5802, 47.4862, 84.1289, 4.71467, 3.21717, 0.398033
391, -27.3887, -22.8835, 400.195, 76.2074, 356.172, 392.372, 45.7052, 330.88, 59.802, 20.4405, 47.7699, 81.5803, 4.51971, 3.64542, 0.406037
129, -28.1086, -22.4336, 392.86, 59.8081, 364.017, 400.28, 45.3582, 370.543, 58.5721, 20.2577, 47.2977, 73.3869, 2.42785, 3.55561, 0.375963
375, -27.9634, -22.7598, 405.16, 79.582, 359.176, 388.241, 46.2803, 332.358, 59.8683, 20.6344, 49.133, 73.9628, 4.79346, 3.63343, 0.419492
123, -28.0947, -22.6431, 402.431, 62.3362, 360.184, 386.517, 45.0939, 343.172, 60.6674, 21.0057, 50.6165, 82.5301, 3.29327, 3.18333, 0.36651
148, -27.7319, -22.7286, 407.864, 74.865, 363.343, 386.899, 46.7336, 335.034, 58.5446, 23.5026, 49.0467, 84.0096, 2.00653, 3.39012, 0.367447
173, -27.8049, -22.9038, 405.412, 79.7368, 355.656, 405.616, 45.5956, 338.81, 58.9101, 22.8631, 49.8728, 90.9794, 4.43369, 3.5763, 0.397883
95, -27.7954, -22.5317, 407.025, 64.6446, 354.429, 391.259, 45.906, 355.674, 61.2916, 23.4003, 50.616, 79.4065, 4.12677, 3.06562, 0.413465
262, -28.1257, -22.6582, 398.723, 69.0358, 360.76, 396.442, 46.6733, 374.179, 61.6568, 21.4753, 47.575, 75.3808, 4.52597, 3.14435, 0.37081
272, -27.9791, -22.3434, 393.942, 77.0113, 361.797, 388.189, 45.339, 345.236, 61.2999, 20.9943, 49.3364, 73.8718, 4.87286, 3.23839, 0.387902
70, -28.0344, -22.613, 393.634, 61.9293, 359.876, 386.075, 45.3286, 347.674, 59.325, 21.2586, 49.9586, 73.6986, 2.55164, 3.73307, 0.415652
253, -27.6074, -23.0657, 408.021, 81.0391, 372.409, 401.001, 46.6643, 334.214, 58.8155, 20.4055, 49.9145, 75.3033, 3.3748, 3.62587, 0.380128
370, -27.8262, -22.6799, 389.569, 63.7743, 365.376, 396.744, 45.3214, 330.911, 59.7569, 23.5909, 47.7422, 90.2665, 2.30285, 3.98094, 0.412319
162, -28.076, -22.4728, 407.378, 67.4904, 371.395, 388.569, 46.6245, 353.395, 59.9741, 22.0223, 48.4798, 74.9031, 3.80744, 3.77407, 0.387492
25, -27.6127, -22.7129, 388.451, 71.7593, 353.983, 391.228, 45.037, 364.584, 59.2619, 21.4748, 47.9774, 81.3511, 3.14125, 3.54044, 0.382636
223, -27.6055, -22.3248, 394.885, 65.36, 369.919, 402.86, 45.5826, 351.105, 60.6829, 20.9103, 49.4862, 79.7544, 2.80712, 3.37199, 0.395705
368, -27.4272, -22.6953, 401.585, 74.0718, 368.424, 404.609, 45.379, 352.521, 61.3391, 21.6159, 47.5393, 77.545, 4.21235, 3.35998, 0.374676
266, -27.5003, -22.6402, 398.269, 68.9367, 358.102, 384.038, 46.2716, 343.952, 60.3564, 23.7563, 49.2624, 92.9396, 4.91773, 3.87955, 0.367574
137, -28.0472, -22.5003, 395.566, 70.3875, 350.167, 398.105, 46.5358, 336.395, 60.0859, 23.4559, 49.5488, 81.5814, 2.73776, 3.87996, 0.418029
297, -27.659, -22.5384, 404.513, 78.3616, 360.361, 405.135, 46.6524, 336.956, 60.3644, 23.3723, 49.3698, 92.0426, 3.3101, 3.89249, 0.360835
167, -27.8978, -22.6796, 405.242, 80.2501, 373.288, 397.676, 45.5358, 370.51, 59.3007, 21.1656, 49.2695, 81.4231, 3.22881, 3.62718, 0.391304
287, -27.8629, -23.0288, 406.908, 72.5245, 351.099, 403.659, 46.0666, 337.97, 58.2197, 21.0484, 50.8331, 80.4601, 3.0472, 3.98605, 0.419071
20, -27.6172, -22.2963, 399.742, 80.8951, 369.584, 393.604, 46.738, 374.894, 59.5116, 21.5279, 48.2499, 73.5303, 2.91251, 3.93406, 0.389281
156, -28.0369, -23.0584, 400.278, 68.8039, 362.322, 403.345, 46.2335, 326.909, 60.4978, 20.719, 48.0411, 92.1356, 2.703, 3.57301, 0.375852
241, -27.9267, -22.7119, 390.462, 68.7772, 373.987, 404.956, 46.0567, 345.747, 60.2298, 20.9428, 48.7131, 74.3863, 4.95684, 3.83318, 0.368235
249, -28.0407, -22.3849, 406.493, 76.166, 369.742, 400.602, 45.5026, 367.327, 60.7933, 21.3808, 48.2725, 84.4017, 2.32174, 3.31596, 0.371921
182, -27.8867, -22.3426, 403.641, 62.5252, 352.242, 406.286, 46.8631, 325.848, 60.0551, 20.2307, 47.3993, 73.3133, 4.76416, 3.12121, 0.406231
18, -28.0452, -22.8657, 406.38, 67.8289, 368.694, 383.363, 46.0237, 371.457, 60.9745, 22.086, 50.7829, 74.9873, 4.39396, 3.04756, 0.372981
374, -27.4628, -22.9759, 401.278, 67.2833, 373.174, 383.996, 46.5236, 357.849, 59.9272, 23.1744, 47.7849, 91.039, 3.73703, 3.20311, 0.406345
323, -27.5548, -22.5201, 408.557, 70.132, 351.544, 405.048, 46.9025, 363.485, 59.9172, 22.1455, 48.2298, 87.968, 2.24313, 3.81601, 0.402591
248, -27.8388, -22.4194, 404.858, 70.0307, 359.516, 384.978, 46.1466, 373.422, 60.1053, 23.3278, 50.4999, 90.1617, 3.29045, 3.90687, 0.382308
232, -27.8635, -22.5712, 399.016, 71.1858, 366.013, 388.774, 45.8481, 333.532, 59.5232, 22.1708, 48.4498, 80.8542, 4.32426, 3.32523, 0.377427
111, -27.9194, -22.892, 392.479, 58.9236, 365.754, 402.412, 46.562, 341.539, 59.1755, 23.3755, 47.4164, 75.7553, 2.75013, 3.17453, 0.402351
313, -27.9565, -22.2901, 397.096, 71.8223, 357.74, 389.103, 46.6291, 338.32, 61.164, 23.233, 48.728, 86.5961, 2.12166, 3.31687, 0.414349
204, -28.0447, -22.9005, 406.984, 81.5299, 365.155, 386.119, 45.4451, 334.572, 59.1818, 21.1198, 49.8136, 79.7498, 3.85491, 3.5986, 0.4151
245, -27.6922, -22.6139, 395.36, 75.7974, 361.722, 390.92, 46.8069, 370.622, 58.7393, 20.6693, 50.0094, 80.6268, 3.33741, 3.84394, 0.400375
377, -27.3415, -22.7091, 408.799, 77.3605, 353.956, 405.569, 45.4691, 340.605, 58.219, 21.7162, 48.8284, 74.2434, 4.01827, 3.78607, 0.380107
109, -28.1071, -22.3997, 410.797, 66.757, 356.869, 396.164, 46.7377, 373.572, 59.993, 22.1733, 49.6493, 82.4595, 2.00664, 3.61168, 0.418883
388, -28.0019, -22.3409, 406.745, 65.7244, 359.339, 406.867, 45.898, 336.947, 61.7539, 22.6148, 49.245, 77.9779, 3.13802, 3.8719, 0.39484
268, -27.734, -22.3444, 402.808, 77.6813, 369.042, 387.11, 45.8438, 367.737, 59.1428, 23.25, 47.9724, 87.4852, 2.87028, 3.38258, 0.374713
317, -27.5868, -22.8994, 403.098, 78.2895, 358.812, 401.744, 45.1372, 364.197, 58.7404, 20.472, 50.648, 78.2447, 3.96075, 3.5083, 0.416691
398, -27.7395, -22.6824, 411.957, 59.4096, 373.75, 393.858, 45.1099, 370.313, 60.332, 23.215, 48.4371, 87.9619, 3.41864, 3.93633, 0.388774
316, -27.6879, -22.9801, 392.556, 65.492, 369.321, 393.268, 46.5273, 341.821, 61.1139, 22.8622, 50.4031, 74.3531, 3.64935, 3.51359, 0.411811
299, -27.3692, -22.9756, 389.237, 78.4436, 360.798, 383.182, 45.6651, 364.427, 58.1064, 20.3715, 50.2208, 82.2536, 2.68931, 3.85673, 0.411951
31, -27.9125, -22.9026, 409.84, 58.5918, 367.624, 392.396, 45.8861, 345.652, 58.4463, 21.3001, 50.1727, 88.0124, 4.43622, 3.56956, 0.41886
98, -28.0131, -22.8985, 391.278, 59.0842, 372.297, 393.036, 46.027, 328.314, 59.5195, 22.353, 48.3686, 89.9287, 4.77954, 3.82075, 0.369876
13, -27.7799, -22.8674, 403.672, 69.6331, 373.468, 383.105, 46.4458, 368.186, 58.6671, 23.7068, 47.2969, 84.5813, 2.63418, 3.95068, 0.392319
390, -27.7233, -22.7479, 391.89, 79.6231, 359.141, 396.02, 46.8658, 352.424, 61.4777, 20.4504, 47.0415, 92.9559, 4.6139, 3.69667, 0.382666
158, -27.9938, -22.8578, 388.722, 80.3213, 357.107, 405.389, 45.0733, 373.18, 61.4838, 23.9797, 49.4285, 76.0942, 2.62531, 3.20891, 0.378251
384, -27.6424, -22.8894, 399.273, 59.5523, 353.784, 397.596, 45.62, 366.848, 60.6855, 23.3593, 48.0964, 81.1563, 2.59378, 3.45408, 0.417576
347, -27.9733, -23.0168, 398, 59.6995, 362.075, 398.983, 46.9716, 355.669, 61.6327, 20.2256, 50.4684, 75.1127, 4.50549, 3.22242, 0.391871
44, -27.5837, -23.0201, 403.197, 66.0129, 370.306, 405.663, 46.695, 337.758, 61.8374, 23.6855, 47.1708, 75.4524, 3.41916, 3.01835, 0.401578
332, -27.5793, -22.3359, 399.334, 61.809, 360.276, 401.242, 45.1626, 367.83, 61.9378, 23.4045, 48.5196, 89.6346, 2.21047, 3.23985, 0.417149
217, -27.9139, -22.6781, 406.519, 65.3819, 368.813, 402.042, 46.3059, 370.994, 58.9269, 20.6386, 49.1519, 74.8531, 3.79955, 3.71256, 0.371947
15, -27.8425, -22.9313, 390.611, 75.1338, 359.557, 392.581, 46.9017, 334.563, 58.9947, 22.1274, 50.0788, 80.4833, 3.77645, 3.87221, 0.380822
117, -27.9438, -22.9932, 408.25, 67.8782, 351.74, 383.685, 45.7218, 340.86, 58.5288, 22.9353, 47.7109, 78.3295, 2.32005, 3.05768, 0.412438
52, -27.743, -23.0131, 400.891, 70.8378, 356.607, 399.213, 46.0231, 374.6, 58.5894, 20.1483, 49.2884, 86.1858, 4.42115, 3.81887, 0.386283
308, -27.6317, -22.5964, 407.765, 67.356, 362.121, 399.565, 45.4479, 364.941, 61.6158, 23.6493, 47.9166, 85.1264, 4.79102, 3.69136, 0.407518
62, -27.4783, -22.3244, 409.827, 69.7115, 355.919, 389.688, 46.5908, 325.637, 58.8386, 22.8305, 50.6179, 76.931, 3.37998, 3.33831, 0.375414
335, -28.0008, -22.855, 392.677, 80.9315, 365.39, 388.863, 45.3341, 352.4, 60.3738, 20.5149, 47.1872, 77.1143, 4.60459, 3.91121, 0.362393
270, -27.3496, -22.5944, 393.571, 75.5966, 361.034, 394.601, 45.4152, 340.066, 60.2706, 23.6126, 47.1345, 75.6702, 2.95935, 3.1711, 0.412731
230, -28.0041, -22.4213, 403.572, 63.3761, 361.463, 388.769, 46.4498, 362.324, 60.5259, 20.6165, 49.1675, 76.2498, 3.01571, 3.61209, 0.394038
207, -27.5136, -22.5395, 389.667, 72.4897, 370.918, 399.847, 46.3064, 354.568, 58.3249, 23.4874, 47.0507, 74.8178, 3.67473, 3.41775, 0.390693
28, -27.7574, -22.3643, 388.707, 60.2955, 354.472, 388.397, 46.3123, 362.696, 59.2698, 21.9353, 50.7753, 77.2782, 3.50449, 3.99895, 0.362614
304, -27.6888, -22.963, 410.734, 71.4321, 366.234, 391.61, 46.786, 354.46, 61.3158, 22.1667, 49.793, 81.2817, 2.30505, 3.68119, 0.385353
152, -27.6866, -22.8221, 403.211, 72.5152, 361.731, 391.809, 45.1709, 334.909, 60.6961, 23.1686, 47.3578, 84.7531, 3.18604, 3.82245, 0.397272
356, -27.5346, -22.6368, 388.154, 63.1833, 361.554, 398.011, 45.3245, 341.079, 58.475, 21.2491, 49.5854, 88.0164, 3.51791, 3.98236, 0.401395
324, -27.5217, -22.7936, 410.445, 68.063, 372.792, 392.78, 45.324, 347.267, 61.2625, 23.4602, 50.7573, 90.5762, 3.53816, 3.35102, 0.403312
344, -27.7933, -22.8027, 394.524, 72.355, 356.84, 404.507, 46.5572, 343.094, 59.057, 23.0688, 50.5562, 76.7818, 4.18058, 3.42414, 0.367206
163, -27.971, -22.5726, 409.652, 74.8583, 357.92, 384.476, 45.5553, 374.635, 60.8865, 22.22, 49.4636, 80.5924, 2.53292, 3.54164, 0.407431
54, -27.9416, -22.4457, 411.123, 81.8899, 352.076, 398.58, 45.0028, 333.961, 61.7412, 20.436, 49.5447, 78.1026, 4.14117, 3.67701, 0.396269
371, -27.9474, -23.0464, 389.023, 59.4305, 373.308, 398.652, 46.4119, 368.722, 61.9974, 20.737, 47.7882, 77.0835, 3.50942, 3.65645, 0.406436
237, -27.7401, -22.3043, 395.338, 68.2102, 354.523, 404.508, 45.1353, 335.126, 60.7142, 20.1491, 48.7175, 87.186, 4.55495, 3.49759, 0.372447
258, -27.8419, -22.7259, 392.219, 62.4936, 356.306, 392.076, 46.3349, 365.793, 61.8084, 21.4368, 48.9386, 90.3587, 3.24744, 3.70547, 0.414902
252, -27.612, -22.562, 397.918, 67.0753, 369.7, 395.872, 45.4805, 367.922, 59.0991, 22.6595, 49.4622, 75.7835, 4.04032, 3.74491, 0.39004
343, -27.513, -22.6917, 401.865, 79.9903, 365.455, 396.081, 46.499, 366.262, 59.8954, 21.0504, 49.926, 92.2252, 2.40206, 3.63705, 0.36135
112, -27.7677, -22.5818, 403.046, 62.5949, 355.155, 392.812, 45.3468, 332.899, 60.8873, 23.8888, 48.3321, 84.7161, 4.59472, 3.0006, 0.407539
149, -27.6658, -22.9864, 395.76, 65.4014, 358.814, 405.203, 45.6257, 374.707, 61.1038, 20.6186, 47.0265, 81.6535, 4.68675, 3.38762, 0.386613
294, -27.9826, -22.9579, 399.823, 75.09, 368.886, 404.549, 45.9125, 340.554, 58.8323, 21.4784, 50.6135, 73.4912, 4.82867, 3.41765, 0.386107
386, -28.0996, -22.4756, 398.848, 72.9249, 356.885, 384.2, 45.4075, 328.362, 60.8054, 23.6955, 48.797, 79.7443, 4.77053, 3.1417, 0.365019
361, -27.8177, -22.6501, 405.071, 61.9519, 360.25, 404.34, 45.9847, 334.433, 60.2044, 23.3586, 50.6543, 78.6595, 2.30717, 3.62478, 0.387058
100, -27.4342, -22.8458, 399.648, 80.821, 360.763, 395.807, 46.2084, 344.424, 60.2851, 21.6021, 47.5806, 90.7793, 4.2651, 3.85272, 0.395288
177, -28.0668, -22.9963, 407.689, 60.2449, 356.492, 388.055, 46.3806, 333.695, 59.1214, 21.6298, 48.1108, 87.4605, 2.78223, 3.98541, 0.413496
387, -27.7078, -22.7818, 394.36, 77.2457, 358.134, 405.302, 46.09, 353.227, 61.2471, 20.2203, 49.2426, 78.7632, 4.55825, 3.33084, 0.410083
227, -27.8512, -23.0084, 407.031, 66.699, 353.382, 391.18, 46.7435, 325.804, 58.0894, 23.5086, 49.6354, 80.4909, 3.67717, 3.49036, 0.367573
382, -27.6401, -22.9999, 406.185, 70.3059, 355.1, 395.058, 46.6027, 372.901, 61.0425, 21.5623, 48.5291, 80.6422, 2.70112, 3.19938, 0.409327
3, -28.0001, -22.656, 408.366, 71.3092, 367.105, 390.545, 45.8053, 360.021, 58.2191, 23.7478, 50.4964, 80.6767, 2.22978, 3.70964, 0.394972
357, -27.6171, -22.6749, 402.725, 61.4631, 353.837, 399.02, 45.7328, 328.832, 61.282, 23.1237, 50.8486, 83.7667, 4.98223, 3.48516, 0.390015
